{
  "IcoMoonType": "selection",
  "icons": [
    {
      "icon": {
        "paths": [
          "M384 928c0 53.019-42.981 96-96 96s-96-42.981-96-96c0-53.019 42.981-96 96-96s96 42.981 96 96z",
          "M1024 928c0 53.019-42.981 96-96 96s-96-42.981-96-96c0-53.019 42.981-96 96-96s96 42.981 96 96z",
          "M1024 512v-384h-768c0-35.346-28.654-64-64-64h-192v64h128l48.074 412.054c-29.294 23.458-48.074 59.5-48.074 99.946 0 70.696 57.308 128 128 128h768v-64h-768c-35.346 0-64-28.654-64-64 0-0.218 0.014-0.436 0.016-0.656l831.984-127.344z"
        ],
        "tags": [
          "cart",
          "purchase",
          "ecommerce",
          "shopping"
        ],
        "defaultCode": 59706,
        "grid": 16,
        "attrs": []
      },
      "attrs": [],
      "properties": {
        "ligatures": "cart, purchase",
        "name": "cart",
        "order": 6,
        "id": 59,
        "prevSize": 32,
        "code": 59706
      },
      "setIdx": 0,
      "setId": 1,
      "iconIdx": 58
    },
    {
      "icon": {
        "paths": [
          "M736 0h-448c-52.8 0-96 43.2-96 96v832c0 52.8 43.2 96 96 96h448c52.8 0 96-43.2 96-96v-832c0-52.8-43.2-96-96-96zM384 48h256v32h-256v-32zM512 960c-35.346 0-64-28.654-64-64s28.654-64 64-64 64 28.654 64 64-28.654 64-64 64zM768 768h-512v-640h512v640z"
        ],
        "tags": [
          "mobile",
          "cell-phone",
          "handheld"
        ],
        "defaultCode": 59736,
        "grid": 16,
        "attrs": []
      },
      "attrs": [],
      "properties": {
        "ligatures": "mobile, cell-phone",
        "name": "mobile",
        "order": 4,
        "id": 89,
        "prevSize": 32,
        "code": 59736
      },
      "setIdx": 0,
      "setId": 1,
      "iconIdx": 88
    },
    {
      "icon": {
        "paths": [
          "M384 64h640v128h-640v-128zM384 448h640v128h-640v-128zM384 832h640v128h-640v-128zM0 128c0-70.692 57.308-128 128-128s128 57.308 128 128c0 70.692-57.308 128-128 128s-128-57.308-128-128zM0 512c0-70.692 57.308-128 128-128s128 57.308 128 128c0 70.692-57.308 128-128 128s-128-57.308-128-128zM0 896c0-70.692 57.308-128 128-128s128 57.308 128 128c0 70.692-57.308 128-128 128s-128-57.308-128-128z"
        ],
        "tags": [
          "list",
          "todo",
          "bullet",
          "menu",
          "options"
        ],
        "defaultCode": 59835,
        "grid": 16,
        "attrs": []
      },
      "attrs": [],
      "properties": {
        "ligatures": "list2, todo2",
        "name": "list2",
        "order": 3,
        "id": 188,
        "prevSize": 32,
        "code": 59835
      },
      "setIdx": 0,
      "setId": 1,
      "iconIdx": 187
    }
  ],
  "height": 1024,
  "metadata": {
    "name": "icomoon"
  },
  "preferences": {
    "showGlyphs": true,
    "showQuickUse": true,
    "showQuickUse2": true,
    "showSVGs": true,
    "fontPref": {
      "prefix": "icon-",
      "metadata": {
        "fontFamily": "icomoon"
      },
      "metrics": {
        "emSize": 1024,
        "baseline": 6.25,
        "whitespace": 50
      },
      "embed": false
    },
    "imagePref": {
      "prefix": "icon-",
      "png": true,
      "useClassSelector": true,
      "color": 0,
      "bgColor": 16777215,
      "classSelector": ".icon"
    },
    "historySize": 50,
    "showCodes": true,
    "gridSize": 16
  }
}